c5_2xlarge,c5_large,c5_xlarge
0.34,0.085,0.17
29.2451,15.8946,29.8396
28.8418,15.3644,29.3073
0.397533,0.524313,0.526753
