c5_2xlarge,c5_large,c5_xlarge,p2_xlarge
0.34,0.085,0.17,0.9,
0.548238,0.883525,0.630332,
0.518793,0.641783,0.600597,
0.026098,0.237619,0.0254658,
